email,nickname
testuser1@mail.com,hogeuser1
testuser2@mail.com,hogeuser2
testuser3@mail.com,hogeuser3
testuser4@mail.com,hogeuser4
testuser5@mail.com,hogeuser5
testuser6@mail.com,hogeuser6
testuser7@mail.com,hogeuser7
testuser8@mail.com,hogeuser8
testuser9@mail.com,hogeuser9
testuser10@mail.com,hogeuser10
testuser11@mail.com,hogeuser11
testuser12@mail.com,hogeuser12
testuser13@mail.com,hogeuser13
testuser14@mail.com,hogeuser14
testuser15@mail.com,hogeuser15
testuser16@mail.com,hogeuser16
testuser17@mail.com,hogeuser17
testuser18@mail.com,hogeuser18
testuser19@mail.com,hogeuser19
testuser20@mail.com,hogeuser20
testuser21@mail.com,hogeuser21
testuser22@mail.com,hogeuser22
testuser23@mail.com,hogeuser23
testuser24@mail.com,hogeuser24
testuser25@mail.com,hogeuser25
testuser26@mail.com,hogeuser26
testuser27@mail.com,hogeuser27
testuser28@mail.com,hogeuser28
testuser29@mail.com,hogeuser29
testuser30@mail.com,hogeuser30
testuser31@mail.com,hogeuser31
testuser32@mail.com,hogeuser32
testuser33@mail.com,hogeuser33
testuser34@mail.com,hogeuser34
testuser35@mail.com,hogeuser35
testuser36@mail.com,hogeuser36
testuser37@mail.com,hogeuser37
testuser38@mail.com,hogeuser38
testuser39@mail.com,hogeuser39
testuser40@mail.com,hogeuser40
testuser41@mail.com,hogeuser41
testuser42@mail.com,hogeuser42
testuser43@mail.com,hogeuser43
testuser44@mail.com,hogeuser44
testuser45@mail.com,hogeuser45
testuser46@mail.com,hogeuser46
testuser47@mail.com,hogeuser47
testuser48@mail.com,hogeuser48
testuser49@mail.com,hogeuser49
testuser50@mail.com,hogeuser50
testuser51@mail.com,hogeuser51
testuser52@mail.com,hogeuser52
testuser53@mail.com,hogeuser53
testuser54@mail.com,hogeuser54
testuser55@mail.com,hogeuser55
testuser56@mail.com,hogeuser56
testuser57@mail.com,hogeuser57
testuser58@mail.com,hogeuser58
testuser59@mail.com,hogeuser59
testuser60@mail.com,hogeuser60
testuser61@mail.com,hogeuser61
testuser62@mail.com,hogeuser62
testuser63@mail.com,hogeuser63
testuser64@mail.com,hogeuser64
testuser65@mail.com,hogeuser65
testuser66@mail.com,hogeuser66
testuser67@mail.com,hogeuser67
testuser68@mail.com,hogeuser68
testuser69@mail.com,hogeuser69
testuser70@mail.com,hogeuser70
testuser71@mail.com,hogeuser71
testuser72@mail.com,hogeuser72
testuser73@mail.com,hogeuser73
testuser74@mail.com,hogeuser74
testuser75@mail.com,hogeuser75
testuser76@mail.com,hogeuser76
testuser77@mail.com,hogeuser77
testuser78@mail.com,hogeuser78
testuser79@mail.com,hogeuser79
testuser80@mail.com,hogeuser80
testuser81@mail.com,hogeuser81
testuser82@mail.com,hogeuser82
testuser83@mail.com,hogeuser83
testuser84@mail.com,hogeuser84
testuser85@mail.com,hogeuser85
testuser86@mail.com,hogeuser86
testuser87@mail.com,hogeuser87
testuser88@mail.com,hogeuser88
testuser89@mail.com,hogeuser89
testuser90@mail.com,hogeuser90
testuser91@mail.com,hogeuser91
testuser92@mail.com,hogeuser92
testuser93@mail.com,hogeuser93
testuser94@mail.com,hogeuser94
testuser95@mail.com,hogeuser95
testuser96@mail.com,hogeuser96
testuser97@mail.com,hogeuser97
testuser98@mail.com,hogeuser98
testuser99@mail.com,hogeuser99
testuser100@mail.com,hogeuser100
testuser101@mail.com,hogeuser101
testuser102@mail.com,hogeuser102
testuser103@mail.com,hogeuser103
testuser104@mail.com,hogeuser104
testuser105@mail.com,hogeuser105
testuser106@mail.com,hogeuser106
testuser107@mail.com,hogeuser107
testuser108@mail.com,hogeuser108
testuser109@mail.com,hogeuser109
testuser110@mail.com,hogeuser110
testuser111@mail.com,hogeuser111
testuser112@mail.com,hogeuser112
testuser113@mail.com,hogeuser113
testuser114@mail.com,hogeuser114
testuser115@mail.com,hogeuser115
testuser116@mail.com,hogeuser116
testuser117@mail.com,hogeuser117
testuser118@mail.com,hogeuser118
testuser119@mail.com,hogeuser119
testuser120@mail.com,hogeuser120
testuser121@mail.com,hogeuser121
testuser122@mail.com,hogeuser122
testuser123@mail.com,hogeuser123
testuser124@mail.com,hogeuser124
testuser125@mail.com,hogeuser125
testuser126@mail.com,hogeuser126
testuser127@mail.com,hogeuser127
testuser128@mail.com,hogeuser128
testuser129@mail.com,hogeuser129
testuser130@mail.com,hogeuser130
testuser131@mail.com,hogeuser131
testuser132@mail.com,hogeuser132
testuser133@mail.com,hogeuser133
testuser134@mail.com,hogeuser134
testuser135@mail.com,hogeuser135
testuser136@mail.com,hogeuser136
testuser137@mail.com,hogeuser137
testuser138@mail.com,hogeuser138
testuser139@mail.com,hogeuser139
testuser140@mail.com,hogeuser140
testuser141@mail.com,hogeuser141
testuser142@mail.com,hogeuser142
testuser143@mail.com,hogeuser143
testuser144@mail.com,hogeuser144
testuser145@mail.com,hogeuser145
testuser146@mail.com,hogeuser146
testuser147@mail.com,hogeuser147
testuser148@mail.com,hogeuser148
testuser149@mail.com,hogeuser149
testuser150@mail.com,hogeuser150
testuser151@mail.com,hogeuser151
testuser152@mail.com,hogeuser152
testuser153@mail.com,hogeuser153
testuser154@mail.com,hogeuser154
testuser155@mail.com,hogeuser155
testuser156@mail.com,hogeuser156
testuser157@mail.com,hogeuser157
testuser158@mail.com,hogeuser158
testuser159@mail.com,hogeuser159
testuser160@mail.com,hogeuser160
testuser161@mail.com,hogeuser161
testuser162@mail.com,hogeuser162
testuser163@mail.com,hogeuser163
testuser164@mail.com,hogeuser164
testuser165@mail.com,hogeuser165
testuser166@mail.com,hogeuser166
testuser167@mail.com,hogeuser167
testuser168@mail.com,hogeuser168
testuser169@mail.com,hogeuser169
testuser170@mail.com,hogeuser170
testuser171@mail.com,hogeuser171
testuser172@mail.com,hogeuser172
testuser173@mail.com,hogeuser173
testuser174@mail.com,hogeuser174
testuser175@mail.com,hogeuser175
testuser176@mail.com,hogeuser176
testuser177@mail.com,hogeuser177
testuser178@mail.com,hogeuser178
testuser179@mail.com,hogeuser179
testuser180@mail.com,hogeuser180
testuser181@mail.com,hogeuser181
testuser182@mail.com,hogeuser182
testuser183@mail.com,hogeuser183
testuser184@mail.com,hogeuser184
testuser185@mail.com,hogeuser185
testuser186@mail.com,hogeuser186
testuser187@mail.com,hogeuser187
testuser188@mail.com,hogeuser188
testuser189@mail.com,hogeuser189
testuser190@mail.com,hogeuser190
testuser191@mail.com,hogeuser191
testuser192@mail.com,hogeuser192
testuser193@mail.com,hogeuser193
testuser194@mail.com,hogeuser194
testuser195@mail.com,hogeuser195
testuser196@mail.com,hogeuser196
testuser197@mail.com,hogeuser197
testuser198@mail.com,hogeuser198
testuser199@mail.com,hogeuser199
testuser200@mail.com,hogeuser200
testuser201@mail.com,hogeuser201
testuser202@mail.com,hogeuser202
testuser203@mail.com,hogeuser203
testuser204@mail.com,hogeuser204
testuser205@mail.com,hogeuser205
testuser206@mail.com,hogeuser206
testuser207@mail.com,hogeuser207
testuser208@mail.com,hogeuser208
testuser209@mail.com,hogeuser209
testuser210@mail.com,hogeuser210
testuser211@mail.com,hogeuser211
testuser212@mail.com,hogeuser212
testuser213@mail.com,hogeuser213
testuser214@mail.com,hogeuser214
testuser215@mail.com,hogeuser215
testuser216@mail.com,hogeuser216
testuser217@mail.com,hogeuser217
testuser218@mail.com,hogeuser218
testuser219@mail.com,hogeuser219
testuser220@mail.com,hogeuser220
testuser221@mail.com,hogeuser221
testuser222@mail.com,hogeuser222
testuser223@mail.com,hogeuser223
testuser224@mail.com,hogeuser224
testuser225@mail.com,hogeuser225
testuser226@mail.com,hogeuser226
testuser227@mail.com,hogeuser227
testuser228@mail.com,hogeuser228
testuser229@mail.com,hogeuser229
testuser230@mail.com,hogeuser230
testuser231@mail.com,hogeuser231
testuser232@mail.com,hogeuser232
testuser233@mail.com,hogeuser233
testuser234@mail.com,hogeuser234
testuser235@mail.com,hogeuser235
testuser236@mail.com,hogeuser236
testuser237@mail.com,hogeuser237
testuser238@mail.com,hogeuser238
testuser239@mail.com,hogeuser239
testuser240@mail.com,hogeuser240
testuser241@mail.com,hogeuser241
testuser242@mail.com,hogeuser242
testuser243@mail.com,hogeuser243
testuser244@mail.com,hogeuser244
testuser245@mail.com,hogeuser245
testuser246@mail.com,hogeuser246
testuser247@mail.com,hogeuser247
testuser248@mail.com,hogeuser248
testuser249@mail.com,hogeuser249
testuser250@mail.com,hogeuser250
testuser251@mail.com,hogeuser251
testuser252@mail.com,hogeuser252
testuser253@mail.com,hogeuser253
testuser254@mail.com,hogeuser254
testuser255@mail.com,hogeuser255
testuser256@mail.com,hogeuser256
testuser257@mail.com,hogeuser257
testuser258@mail.com,hogeuser258
testuser259@mail.com,hogeuser259
testuser260@mail.com,hogeuser260
testuser261@mail.com,hogeuser261
testuser262@mail.com,hogeuser262
testuser263@mail.com,hogeuser263
testuser264@mail.com,hogeuser264
testuser265@mail.com,hogeuser265
testuser266@mail.com,hogeuser266
testuser267@mail.com,hogeuser267
testuser268@mail.com,hogeuser268
testuser269@mail.com,hogeuser269
testuser270@mail.com,hogeuser270
testuser271@mail.com,hogeuser271
testuser272@mail.com,hogeuser272
testuser273@mail.com,hogeuser273
testuser274@mail.com,hogeuser274
testuser275@mail.com,hogeuser275
testuser276@mail.com,hogeuser276
testuser277@mail.com,hogeuser277
testuser278@mail.com,hogeuser278
testuser279@mail.com,hogeuser279
testuser280@mail.com,hogeuser280
testuser281@mail.com,hogeuser281
testuser282@mail.com,hogeuser282
testuser283@mail.com,hogeuser283
testuser284@mail.com,hogeuser284
testuser285@mail.com,hogeuser285
testuser286@mail.com,hogeuser286
testuser287@mail.com,hogeuser287
testuser288@mail.com,hogeuser288
testuser289@mail.com,hogeuser289
testuser290@mail.com,hogeuser290
testuser291@mail.com,hogeuser291
testuser292@mail.com,hogeuser292
testuser293@mail.com,hogeuser293
testuser294@mail.com,hogeuser294
testuser295@mail.com,hogeuser295
testuser296@mail.com,hogeuser296
testuser297@mail.com,hogeuser297
testuser298@mail.com,hogeuser298
testuser299@mail.com,hogeuser299
testuser300@mail.com,hogeuser300
testuser301@mail.com,hogeuser301
testuser302@mail.com,hogeuser302
testuser303@mail.com,hogeuser303
testuser304@mail.com,hogeuser304
testuser305@mail.com,hogeuser305
testuser306@mail.com,hogeuser306
testuser307@mail.com,hogeuser307
testuser308@mail.com,hogeuser308
testuser309@mail.com,hogeuser309
testuser310@mail.com,hogeuser310
testuser311@mail.com,hogeuser311
testuser312@mail.com,hogeuser312
testuser313@mail.com,hogeuser313
testuser314@mail.com,hogeuser314
testuser315@mail.com,hogeuser315
testuser316@mail.com,hogeuser316
testuser317@mail.com,hogeuser317
testuser318@mail.com,hogeuser318
testuser319@mail.com,hogeuser319
testuser320@mail.com,hogeuser320
testuser321@mail.com,hogeuser321
testuser322@mail.com,hogeuser322
testuser323@mail.com,hogeuser323
testuser324@mail.com,hogeuser324
testuser325@mail.com,hogeuser325
testuser326@mail.com,hogeuser326
testuser327@mail.com,hogeuser327
testuser328@mail.com,hogeuser328
testuser329@mail.com,hogeuser329
testuser330@mail.com,hogeuser330
testuser331@mail.com,hogeuser331
testuser332@mail.com,hogeuser332
testuser333@mail.com,hogeuser333
testuser334@mail.com,hogeuser334
testuser335@mail.com,hogeuser335
testuser336@mail.com,hogeuser336
testuser337@mail.com,hogeuser337
testuser338@mail.com,hogeuser338
testuser339@mail.com,hogeuser339
testuser340@mail.com,hogeuser340
testuser341@mail.com,hogeuser341
testuser342@mail.com,hogeuser342
testuser343@mail.com,hogeuser343
testuser344@mail.com,hogeuser344
testuser345@mail.com,hogeuser345
testuser346@mail.com,hogeuser346
testuser347@mail.com,hogeuser347
testuser348@mail.com,hogeuser348
testuser349@mail.com,hogeuser349
testuser350@mail.com,hogeuser350
testuser351@mail.com,hogeuser351
testuser352@mail.com,hogeuser352
testuser353@mail.com,hogeuser353
testuser354@mail.com,hogeuser354
testuser355@mail.com,hogeuser355
testuser356@mail.com,hogeuser356
testuser357@mail.com,hogeuser357
testuser358@mail.com,hogeuser358
testuser359@mail.com,hogeuser359
testuser360@mail.com,hogeuser360
testuser361@mail.com,hogeuser361
testuser362@mail.com,hogeuser362
testuser363@mail.com,hogeuser363
testuser364@mail.com,hogeuser364
testuser365@mail.com,hogeuser365
testuser366@mail.com,hogeuser366
testuser367@mail.com,hogeuser367
testuser368@mail.com,hogeuser368
testuser369@mail.com,hogeuser369
testuser370@mail.com,hogeuser370
testuser371@mail.com,hogeuser371
testuser372@mail.com,hogeuser372
testuser373@mail.com,hogeuser373
testuser374@mail.com,hogeuser374
testuser375@mail.com,hogeuser375
testuser376@mail.com,hogeuser376
testuser377@mail.com,hogeuser377
testuser378@mail.com,hogeuser378
testuser379@mail.com,hogeuser379
testuser380@mail.com,hogeuser380
testuser381@mail.com,hogeuser381
testuser382@mail.com,hogeuser382
testuser383@mail.com,hogeuser383
testuser384@mail.com,hogeuser384
testuser385@mail.com,hogeuser385
testuser386@mail.com,hogeuser386
testuser387@mail.com,hogeuser387
testuser388@mail.com,hogeuser388
testuser389@mail.com,hogeuser389
testuser390@mail.com,hogeuser390
testuser391@mail.com,hogeuser391
testuser392@mail.com,hogeuser392
testuser393@mail.com,hogeuser393
testuser394@mail.com,hogeuser394
testuser395@mail.com,hogeuser395
testuser396@mail.com,hogeuser396
testuser397@mail.com,hogeuser397
testuser398@mail.com,hogeuser398
testuser399@mail.com,hogeuser399
testuser400@mail.com,hogeuser400
testuser401@mail.com,hogeuser401
testuser402@mail.com,hogeuser402
testuser403@mail.com,hogeuser403
testuser404@mail.com,hogeuser404
testuser405@mail.com,hogeuser405
testuser406@mail.com,hogeuser406
testuser407@mail.com,hogeuser407
testuser408@mail.com,hogeuser408
testuser409@mail.com,hogeuser409
testuser410@mail.com,hogeuser410
testuser411@mail.com,hogeuser411
testuser412@mail.com,hogeuser412
testuser413@mail.com,hogeuser413
testuser414@mail.com,hogeuser414
testuser415@mail.com,hogeuser415
testuser416@mail.com,hogeuser416
testuser417@mail.com,hogeuser417
testuser418@mail.com,hogeuser418
testuser419@mail.com,hogeuser419
testuser420@mail.com,hogeuser420
testuser421@mail.com,hogeuser421
testuser422@mail.com,hogeuser422
testuser423@mail.com,hogeuser423
testuser424@mail.com,hogeuser424
testuser425@mail.com,hogeuser425
testuser426@mail.com,hogeuser426
testuser427@mail.com,hogeuser427
testuser428@mail.com,hogeuser428
testuser429@mail.com,hogeuser429
testuser430@mail.com,hogeuser430
testuser431@mail.com,hogeuser431
testuser432@mail.com,hogeuser432
testuser433@mail.com,hogeuser433
testuser434@mail.com,hogeuser434
testuser435@mail.com,hogeuser435
testuser436@mail.com,hogeuser436
testuser437@mail.com,hogeuser437
testuser438@mail.com,hogeuser438
testuser439@mail.com,hogeuser439
testuser440@mail.com,hogeuser440
testuser441@mail.com,hogeuser441
testuser442@mail.com,hogeuser442
testuser443@mail.com,hogeuser443
testuser444@mail.com,hogeuser444
testuser445@mail.com,hogeuser445
testuser446@mail.com,hogeuser446
testuser447@mail.com,hogeuser447
testuser448@mail.com,hogeuser448
testuser449@mail.com,hogeuser449
testuser450@mail.com,hogeuser450
testuser451@mail.com,hogeuser451
testuser452@mail.com,hogeuser452
testuser453@mail.com,hogeuser453
testuser454@mail.com,hogeuser454
testuser455@mail.com,hogeuser455
testuser456@mail.com,hogeuser456
testuser457@mail.com,hogeuser457
testuser458@mail.com,hogeuser458
testuser459@mail.com,hogeuser459
testuser460@mail.com,hogeuser460
testuser461@mail.com,hogeuser461
testuser462@mail.com,hogeuser462
testuser463@mail.com,hogeuser463
testuser464@mail.com,hogeuser464
testuser465@mail.com,hogeuser465
testuser466@mail.com,hogeuser466
testuser467@mail.com,hogeuser467
testuser468@mail.com,hogeuser468
testuser469@mail.com,hogeuser469
testuser470@mail.com,hogeuser470
testuser471@mail.com,hogeuser471
testuser472@mail.com,hogeuser472
testuser473@mail.com,hogeuser473
testuser474@mail.com,hogeuser474
testuser475@mail.com,hogeuser475
testuser476@mail.com,hogeuser476
testuser477@mail.com,hogeuser477
testuser478@mail.com,hogeuser478
testuser479@mail.com,hogeuser479
testuser480@mail.com,hogeuser480
testuser481@mail.com,hogeuser481
testuser482@mail.com,hogeuser482
testuser483@mail.com,hogeuser483
testuser484@mail.com,hogeuser484
testuser485@mail.com,hogeuser485
testuser486@mail.com,hogeuser486
testuser487@mail.com,hogeuser487
testuser488@mail.com,hogeuser488
testuser489@mail.com,hogeuser489
testuser490@mail.com,hogeuser490
testuser491@mail.com,hogeuser491
testuser492@mail.com,hogeuser492
testuser493@mail.com,hogeuser493
testuser494@mail.com,hogeuser494
testuser495@mail.com,hogeuser495
testuser496@mail.com,hogeuser496
testuser497@mail.com,hogeuser497
testuser498@mail.com,hogeuser498
testuser499@mail.com,hogeuser499
testuser500@mail.com,hogeuser500
testuser501@mail.com,hogeuser501
testuser502@mail.com,hogeuser502
testuser503@mail.com,hogeuser503
testuser504@mail.com,hogeuser504
testuser505@mail.com,hogeuser505
testuser506@mail.com,hogeuser506
testuser507@mail.com,hogeuser507
testuser508@mail.com,hogeuser508
testuser509@mail.com,hogeuser509
testuser510@mail.com,hogeuser510
testuser511@mail.com,hogeuser511
testuser512@mail.com,hogeuser512
testuser513@mail.com,hogeuser513
testuser514@mail.com,hogeuser514
testuser515@mail.com,hogeuser515
testuser516@mail.com,hogeuser516
testuser517@mail.com,hogeuser517
testuser518@mail.com,hogeuser518
testuser519@mail.com,hogeuser519
testuser520@mail.com,hogeuser520
testuser521@mail.com,hogeuser521
testuser522@mail.com,hogeuser522
testuser523@mail.com,hogeuser523
testuser524@mail.com,hogeuser524
testuser525@mail.com,hogeuser525
testuser526@mail.com,hogeuser526
testuser527@mail.com,hogeuser527
testuser528@mail.com,hogeuser528
testuser529@mail.com,hogeuser529
testuser530@mail.com,hogeuser530
testuser531@mail.com,hogeuser531
testuser532@mail.com,hogeuser532
testuser533@mail.com,hogeuser533
testuser534@mail.com,hogeuser534
testuser535@mail.com,hogeuser535
testuser536@mail.com,hogeuser536
testuser537@mail.com,hogeuser537
testuser538@mail.com,hogeuser538
testuser539@mail.com,hogeuser539
testuser540@mail.com,hogeuser540
testuser541@mail.com,hogeuser541
testuser542@mail.com,hogeuser542
testuser543@mail.com,hogeuser543
testuser544@mail.com,hogeuser544
testuser545@mail.com,hogeuser545
testuser546@mail.com,hogeuser546
testuser547@mail.com,hogeuser547
testuser548@mail.com,hogeuser548
testuser549@mail.com,hogeuser549
testuser550@mail.com,hogeuser550
testuser551@mail.com,hogeuser551
testuser552@mail.com,hogeuser552
testuser553@mail.com,hogeuser553
testuser554@mail.com,hogeuser554
testuser555@mail.com,hogeuser555
testuser556@mail.com,hogeuser556
testuser557@mail.com,hogeuser557
testuser558@mail.com,hogeuser558
testuser559@mail.com,hogeuser559
testuser560@mail.com,hogeuser560
testuser561@mail.com,hogeuser561
testuser562@mail.com,hogeuser562
testuser563@mail.com,hogeuser563
testuser564@mail.com,hogeuser564
testuser565@mail.com,hogeuser565
testuser566@mail.com,hogeuser566
testuser567@mail.com,hogeuser567
testuser568@mail.com,hogeuser568
testuser569@mail.com,hogeuser569
testuser570@mail.com,hogeuser570
testuser571@mail.com,hogeuser571
testuser572@mail.com,hogeuser572
testuser573@mail.com,hogeuser573
testuser574@mail.com,hogeuser574
testuser575@mail.com,hogeuser575
testuser576@mail.com,hogeuser576
testuser577@mail.com,hogeuser577
testuser578@mail.com,hogeuser578
testuser579@mail.com,hogeuser579
testuser580@mail.com,hogeuser580
testuser581@mail.com,hogeuser581
testuser582@mail.com,hogeuser582
testuser583@mail.com,hogeuser583
testuser584@mail.com,hogeuser584
testuser585@mail.com,hogeuser585
testuser586@mail.com,hogeuser586
testuser587@mail.com,hogeuser587
testuser588@mail.com,hogeuser588
testuser589@mail.com,hogeuser589
testuser590@mail.com,hogeuser590
testuser591@mail.com,hogeuser591
testuser592@mail.com,hogeuser592
testuser593@mail.com,hogeuser593
testuser594@mail.com,hogeuser594
testuser595@mail.com,hogeuser595
testuser596@mail.com,hogeuser596
testuser597@mail.com,hogeuser597
testuser598@mail.com,hogeuser598
testuser599@mail.com,hogeuser599
testuser600@mail.com,hogeuser600
testuser601@mail.com,hogeuser601
testuser602@mail.com,hogeuser602
testuser603@mail.com,hogeuser603
testuser604@mail.com,hogeuser604
testuser605@mail.com,hogeuser605
testuser606@mail.com,hogeuser606
testuser607@mail.com,hogeuser607
testuser608@mail.com,hogeuser608
testuser609@mail.com,hogeuser609
testuser610@mail.com,hogeuser610
testuser611@mail.com,hogeuser611
testuser612@mail.com,hogeuser612
testuser613@mail.com,hogeuser613
testuser614@mail.com,hogeuser614
testuser615@mail.com,hogeuser615
testuser616@mail.com,hogeuser616
testuser617@mail.com,hogeuser617
testuser618@mail.com,hogeuser618
testuser619@mail.com,hogeuser619
testuser620@mail.com,hogeuser620
testuser621@mail.com,hogeuser621
testuser622@mail.com,hogeuser622
testuser623@mail.com,hogeuser623
testuser624@mail.com,hogeuser624
testuser625@mail.com,hogeuser625
testuser626@mail.com,hogeuser626
testuser627@mail.com,hogeuser627
testuser628@mail.com,hogeuser628
testuser629@mail.com,hogeuser629
testuser630@mail.com,hogeuser630
testuser631@mail.com,hogeuser631
testuser632@mail.com,hogeuser632
testuser633@mail.com,hogeuser633
testuser634@mail.com,hogeuser634
testuser635@mail.com,hogeuser635
testuser636@mail.com,hogeuser636
testuser637@mail.com,hogeuser637
testuser638@mail.com,hogeuser638
testuser639@mail.com,hogeuser639
testuser640@mail.com,hogeuser640
testuser641@mail.com,hogeuser641
testuser642@mail.com,hogeuser642
testuser643@mail.com,hogeuser643
testuser644@mail.com,hogeuser644
testuser645@mail.com,hogeuser645
testuser646@mail.com,hogeuser646
testuser647@mail.com,hogeuser647
testuser648@mail.com,hogeuser648
testuser649@mail.com,hogeuser649
testuser650@mail.com,hogeuser650
testuser651@mail.com,hogeuser651
testuser652@mail.com,hogeuser652
testuser653@mail.com,hogeuser653
testuser654@mail.com,hogeuser654
testuser655@mail.com,hogeuser655
testuser656@mail.com,hogeuser656
testuser657@mail.com,hogeuser657
testuser658@mail.com,hogeuser658
testuser659@mail.com,hogeuser659
testuser660@mail.com,hogeuser660
testuser661@mail.com,hogeuser661
testuser662@mail.com,hogeuser662
testuser663@mail.com,hogeuser663
testuser664@mail.com,hogeuser664
testuser665@mail.com,hogeuser665
testuser666@mail.com,hogeuser666
testuser667@mail.com,hogeuser667
testuser668@mail.com,hogeuser668
testuser669@mail.com,hogeuser669
testuser670@mail.com,hogeuser670
testuser671@mail.com,hogeuser671
testuser672@mail.com,hogeuser672
testuser673@mail.com,hogeuser673
testuser674@mail.com,hogeuser674
testuser675@mail.com,hogeuser675
testuser676@mail.com,hogeuser676
testuser677@mail.com,hogeuser677
testuser678@mail.com,hogeuser678
testuser679@mail.com,hogeuser679
testuser680@mail.com,hogeuser680
testuser681@mail.com,hogeuser681
testuser682@mail.com,hogeuser682
testuser683@mail.com,hogeuser683
testuser684@mail.com,hogeuser684
testuser685@mail.com,hogeuser685
testuser686@mail.com,hogeuser686
testuser687@mail.com,hogeuser687
testuser688@mail.com,hogeuser688
testuser689@mail.com,hogeuser689
testuser690@mail.com,hogeuser690
testuser691@mail.com,hogeuser691
testuser692@mail.com,hogeuser692
testuser693@mail.com,hogeuser693
testuser694@mail.com,hogeuser694
testuser695@mail.com,hogeuser695
testuser696@mail.com,hogeuser696
testuser697@mail.com,hogeuser697
testuser698@mail.com,hogeuser698
testuser699@mail.com,hogeuser699
testuser700@mail.com,hogeuser700
testuser701@mail.com,hogeuser701
testuser702@mail.com,hogeuser702
testuser703@mail.com,hogeuser703
testuser704@mail.com,hogeuser704
testuser705@mail.com,hogeuser705
testuser706@mail.com,hogeuser706
testuser707@mail.com,hogeuser707
testuser708@mail.com,hogeuser708
testuser709@mail.com,hogeuser709
testuser710@mail.com,hogeuser710
testuser711@mail.com,hogeuser711
testuser712@mail.com,hogeuser712
testuser713@mail.com,hogeuser713
testuser714@mail.com,hogeuser714
testuser715@mail.com,hogeuser715
testuser716@mail.com,hogeuser716
testuser717@mail.com,hogeuser717
testuser718@mail.com,hogeuser718
testuser719@mail.com,hogeuser719
testuser720@mail.com,hogeuser720
testuser721@mail.com,hogeuser721
testuser722@mail.com,hogeuser722
testuser723@mail.com,hogeuser723
testuser724@mail.com,hogeuser724
testuser725@mail.com,hogeuser725
testuser726@mail.com,hogeuser726
testuser727@mail.com,hogeuser727
testuser728@mail.com,hogeuser728
testuser729@mail.com,hogeuser729
testuser730@mail.com,hogeuser730
testuser731@mail.com,hogeuser731
testuser732@mail.com,hogeuser732
testuser733@mail.com,hogeuser733
testuser734@mail.com,hogeuser734
testuser735@mail.com,hogeuser735
testuser736@mail.com,hogeuser736
testuser737@mail.com,hogeuser737
testuser738@mail.com,hogeuser738
testuser739@mail.com,hogeuser739
testuser740@mail.com,hogeuser740
testuser741@mail.com,hogeuser741
testuser742@mail.com,hogeuser742
testuser743@mail.com,hogeuser743
testuser744@mail.com,hogeuser744
testuser745@mail.com,hogeuser745
testuser746@mail.com,hogeuser746
testuser747@mail.com,hogeuser747
testuser748@mail.com,hogeuser748
testuser749@mail.com,hogeuser749
testuser750@mail.com,hogeuser750
testuser751@mail.com,hogeuser751
testuser752@mail.com,hogeuser752
testuser753@mail.com,hogeuser753
testuser754@mail.com,hogeuser754
testuser755@mail.com,hogeuser755
testuser756@mail.com,hogeuser756
testuser757@mail.com,hogeuser757
testuser758@mail.com,hogeuser758
testuser759@mail.com,hogeuser759
testuser760@mail.com,hogeuser760
testuser761@mail.com,hogeuser761
testuser762@mail.com,hogeuser762
testuser763@mail.com,hogeuser763
testuser764@mail.com,hogeuser764
testuser765@mail.com,hogeuser765
testuser766@mail.com,hogeuser766
testuser767@mail.com,hogeuser767
testuser768@mail.com,hogeuser768
testuser769@mail.com,hogeuser769
testuser770@mail.com,hogeuser770
testuser771@mail.com,hogeuser771
testuser772@mail.com,hogeuser772
testuser773@mail.com,hogeuser773
testuser774@mail.com,hogeuser774
testuser775@mail.com,hogeuser775
testuser776@mail.com,hogeuser776
testuser777@mail.com,hogeuser777
testuser778@mail.com,hogeuser778
testuser779@mail.com,hogeuser779
testuser780@mail.com,hogeuser780
testuser781@mail.com,hogeuser781
testuser782@mail.com,hogeuser782
testuser783@mail.com,hogeuser783
testuser784@mail.com,hogeuser784
testuser785@mail.com,hogeuser785
testuser786@mail.com,hogeuser786
testuser787@mail.com,hogeuser787
testuser788@mail.com,hogeuser788
testuser789@mail.com,hogeuser789
testuser790@mail.com,hogeuser790
testuser791@mail.com,hogeuser791
testuser792@mail.com,hogeuser792
testuser793@mail.com,hogeuser793
testuser794@mail.com,hogeuser794
testuser795@mail.com,hogeuser795
testuser796@mail.com,hogeuser796
testuser797@mail.com,hogeuser797
testuser798@mail.com,hogeuser798
testuser799@mail.com,hogeuser799
testuser800@mail.com,hogeuser800
testuser801@mail.com,hogeuser801
testuser802@mail.com,hogeuser802
testuser803@mail.com,hogeuser803
testuser804@mail.com,hogeuser804
testuser805@mail.com,hogeuser805
testuser806@mail.com,hogeuser806
testuser807@mail.com,hogeuser807
testuser808@mail.com,hogeuser808
testuser809@mail.com,hogeuser809
testuser810@mail.com,hogeuser810
testuser811@mail.com,hogeuser811
testuser812@mail.com,hogeuser812
testuser813@mail.com,hogeuser813
testuser814@mail.com,hogeuser814
testuser815@mail.com,hogeuser815
testuser816@mail.com,hogeuser816
testuser817@mail.com,hogeuser817
testuser818@mail.com,hogeuser818
testuser819@mail.com,hogeuser819
testuser820@mail.com,hogeuser820
testuser821@mail.com,hogeuser821
testuser822@mail.com,hogeuser822
testuser823@mail.com,hogeuser823
testuser824@mail.com,hogeuser824
testuser825@mail.com,hogeuser825
testuser826@mail.com,hogeuser826
testuser827@mail.com,hogeuser827
testuser828@mail.com,hogeuser828
testuser829@mail.com,hogeuser829
testuser830@mail.com,hogeuser830
testuser831@mail.com,hogeuser831
testuser832@mail.com,hogeuser832
testuser833@mail.com,hogeuser833
testuser834@mail.com,hogeuser834
testuser835@mail.com,hogeuser835
testuser836@mail.com,hogeuser836
testuser837@mail.com,hogeuser837
testuser838@mail.com,hogeuser838
testuser839@mail.com,hogeuser839
testuser840@mail.com,hogeuser840
testuser841@mail.com,hogeuser841
testuser842@mail.com,hogeuser842
testuser843@mail.com,hogeuser843
testuser844@mail.com,hogeuser844
testuser845@mail.com,hogeuser845
testuser846@mail.com,hogeuser846
testuser847@mail.com,hogeuser847
testuser848@mail.com,hogeuser848
testuser849@mail.com,hogeuser849
testuser850@mail.com,hogeuser850
testuser851@mail.com,hogeuser851
testuser852@mail.com,hogeuser852
testuser853@mail.com,hogeuser853
testuser854@mail.com,hogeuser854
testuser855@mail.com,hogeuser855
testuser856@mail.com,hogeuser856
testuser857@mail.com,hogeuser857
testuser858@mail.com,hogeuser858
testuser859@mail.com,hogeuser859
testuser860@mail.com,hogeuser860
testuser861@mail.com,hogeuser861
testuser862@mail.com,hogeuser862
testuser863@mail.com,hogeuser863
testuser864@mail.com,hogeuser864
testuser865@mail.com,hogeuser865
testuser866@mail.com,hogeuser866
testuser867@mail.com,hogeuser867
testuser868@mail.com,hogeuser868
testuser869@mail.com,hogeuser869
testuser870@mail.com,hogeuser870
testuser871@mail.com,hogeuser871
testuser872@mail.com,hogeuser872
testuser873@mail.com,hogeuser873
testuser874@mail.com,hogeuser874
testuser875@mail.com,hogeuser875
testuser876@mail.com,hogeuser876
testuser877@mail.com,hogeuser877
testuser878@mail.com,hogeuser878
testuser879@mail.com,hogeuser879
testuser880@mail.com,hogeuser880
testuser881@mail.com,hogeuser881
testuser882@mail.com,hogeuser882
testuser883@mail.com,hogeuser883
testuser884@mail.com,hogeuser884
testuser885@mail.com,hogeuser885
testuser886@mail.com,hogeuser886
testuser887@mail.com,hogeuser887
testuser888@mail.com,hogeuser888
testuser889@mail.com,hogeuser889
testuser890@mail.com,hogeuser890
testuser891@mail.com,hogeuser891
testuser892@mail.com,hogeuser892
testuser893@mail.com,hogeuser893
testuser894@mail.com,hogeuser894
testuser895@mail.com,hogeuser895
testuser896@mail.com,hogeuser896
testuser897@mail.com,hogeuser897
testuser898@mail.com,hogeuser898
testuser899@mail.com,hogeuser899
testuser900@mail.com,hogeuser900
testuser901@mail.com,hogeuser901
testuser902@mail.com,hogeuser902
testuser903@mail.com,hogeuser903
testuser904@mail.com,hogeuser904
testuser905@mail.com,hogeuser905
testuser906@mail.com,hogeuser906
testuser907@mail.com,hogeuser907
testuser908@mail.com,hogeuser908
testuser909@mail.com,hogeuser909
testuser910@mail.com,hogeuser910
testuser911@mail.com,hogeuser911
testuser912@mail.com,hogeuser912
testuser913@mail.com,hogeuser913
testuser914@mail.com,hogeuser914
testuser915@mail.com,hogeuser915
testuser916@mail.com,hogeuser916
testuser917@mail.com,hogeuser917
testuser918@mail.com,hogeuser918
testuser919@mail.com,hogeuser919
testuser920@mail.com,hogeuser920
testuser921@mail.com,hogeuser921
testuser922@mail.com,hogeuser922
testuser923@mail.com,hogeuser923
testuser924@mail.com,hogeuser924
testuser925@mail.com,hogeuser925
testuser926@mail.com,hogeuser926
testuser927@mail.com,hogeuser927
testuser928@mail.com,hogeuser928
testuser929@mail.com,hogeuser929
testuser930@mail.com,hogeuser930
testuser931@mail.com,hogeuser931
testuser932@mail.com,hogeuser932
testuser933@mail.com,hogeuser933
testuser934@mail.com,hogeuser934
testuser935@mail.com,hogeuser935
testuser936@mail.com,hogeuser936
testuser937@mail.com,hogeuser937
testuser938@mail.com,hogeuser938
testuser939@mail.com,hogeuser939
testuser940@mail.com,hogeuser940
testuser941@mail.com,hogeuser941
testuser942@mail.com,hogeuser942
testuser943@mail.com,hogeuser943
testuser944@mail.com,hogeuser944
testuser945@mail.com,hogeuser945
testuser946@mail.com,hogeuser946
testuser947@mail.com,hogeuser947
testuser948@mail.com,hogeuser948
testuser949@mail.com,hogeuser949
testuser950@mail.com,hogeuser950
testuser951@mail.com,hogeuser951
testuser952@mail.com,hogeuser952
testuser953@mail.com,hogeuser953
testuser954@mail.com,hogeuser954
testuser955@mail.com,hogeuser955
testuser956@mail.com,hogeuser956
testuser957@mail.com,hogeuser957
testuser958@mail.com,hogeuser958
testuser959@mail.com,hogeuser959
testuser960@mail.com,hogeuser960
testuser961@mail.com,hogeuser961
testuser962@mail.com,hogeuser962
testuser963@mail.com,hogeuser963
testuser964@mail.com,hogeuser964
testuser965@mail.com,hogeuser965
testuser966@mail.com,hogeuser966
testuser967@mail.com,hogeuser967
testuser968@mail.com,hogeuser968
testuser969@mail.com,hogeuser969
testuser970@mail.com,hogeuser970
testuser971@mail.com,hogeuser971
testuser972@mail.com,hogeuser972
testuser973@mail.com,hogeuser973
testuser974@mail.com,hogeuser974
testuser975@mail.com,hogeuser975
testuser976@mail.com,hogeuser976
testuser977@mail.com,hogeuser977
testuser978@mail.com,hogeuser978
testuser979@mail.com,hogeuser979
testuser980@mail.com,hogeuser980
testuser981@mail.com,hogeuser981
testuser982@mail.com,hogeuser982
testuser983@mail.com,hogeuser983
testuser984@mail.com,hogeuser984
testuser985@mail.com,hogeuser985
testuser986@mail.com,hogeuser986
testuser987@mail.com,hogeuser987
testuser988@mail.com,hogeuser988
testuser989@mail.com,hogeuser989
testuser990@mail.com,hogeuser990
testuser991@mail.com,hogeuser991
testuser992@mail.com,hogeuser992
testuser993@mail.com,hogeuser993
testuser994@mail.com,hogeuser994
testuser995@mail.com,hogeuser995
testuser996@mail.com,hogeuser996
testuser997@mail.com,hogeuser997
testuser998@mail.com,hogeuser998
testuser999@mail.com,hogeuser999
testuser1000@mail.com,hogeuser1000
testuser1001@mail.com,hogeuser1001
testuser1002@mail.com,hogeuser1002
testuser1003@mail.com,hogeuser1003
testuser1004@mail.com,hogeuser1004
testuser1005@mail.com,hogeuser1005
testuser1006@mail.com,hogeuser1006
testuser1007@mail.com,hogeuser1007
testuser1008@mail.com,hogeuser1008
testuser1009@mail.com,hogeuser1009
testuser1010@mail.com,hogeuser1010
testuser1011@mail.com,hogeuser1011
testuser1012@mail.com,hogeuser1012
testuser1013@mail.com,hogeuser1013
testuser1014@mail.com,hogeuser1014
testuser1015@mail.com,hogeuser1015
testuser1016@mail.com,hogeuser1016
testuser1017@mail.com,hogeuser1017
testuser1018@mail.com,hogeuser1018
testuser1019@mail.com,hogeuser1019
testuser1020@mail.com,hogeuser1020
testuser1021@mail.com,hogeuser1021
testuser1022@mail.com,hogeuser1022
testuser1023@mail.com,hogeuser1023
testuser1024@mail.com,hogeuser1024
testuser1025@mail.com,hogeuser1025
testuser1026@mail.com,hogeuser1026
testuser1027@mail.com,hogeuser1027
testuser1028@mail.com,hogeuser1028
testuser1029@mail.com,hogeuser1029
testuser1030@mail.com,hogeuser1030
testuser1031@mail.com,hogeuser1031
testuser1032@mail.com,hogeuser1032
testuser1033@mail.com,hogeuser1033
testuser1034@mail.com,hogeuser1034
testuser1035@mail.com,hogeuser1035
testuser1036@mail.com,hogeuser1036
testuser1037@mail.com,hogeuser1037
testuser1038@mail.com,hogeuser1038
testuser1039@mail.com,hogeuser1039
testuser1040@mail.com,hogeuser1040
testuser1041@mail.com,hogeuser1041
testuser1042@mail.com,hogeuser1042
testuser1043@mail.com,hogeuser1043
testuser1044@mail.com,hogeuser1044
testuser1045@mail.com,hogeuser1045
testuser1046@mail.com,hogeuser1046
testuser1047@mail.com,hogeuser1047
testuser1048@mail.com,hogeuser1048
testuser1049@mail.com,hogeuser1049
testuser1050@mail.com,hogeuser1050
testuser1051@mail.com,hogeuser1051
testuser1052@mail.com,hogeuser1052
testuser1053@mail.com,hogeuser1053
testuser1054@mail.com,hogeuser1054
testuser1055@mail.com,hogeuser1055
testuser1056@mail.com,hogeuser1056
testuser1057@mail.com,hogeuser1057
testuser1058@mail.com,hogeuser1058
testuser1059@mail.com,hogeuser1059
testuser1060@mail.com,hogeuser1060
testuser1061@mail.com,hogeuser1061
testuser1062@mail.com,hogeuser1062
testuser1063@mail.com,hogeuser1063
testuser1064@mail.com,hogeuser1064
testuser1065@mail.com,hogeuser1065
testuser1066@mail.com,hogeuser1066
testuser1067@mail.com,hogeuser1067
testuser1068@mail.com,hogeuser1068
testuser1069@mail.com,hogeuser1069
testuser1070@mail.com,hogeuser1070
testuser1071@mail.com,hogeuser1071
testuser1072@mail.com,hogeuser1072
testuser1073@mail.com,hogeuser1073
testuser1074@mail.com,hogeuser1074
testuser1075@mail.com,hogeuser1075
testuser1076@mail.com,hogeuser1076
testuser1077@mail.com,hogeuser1077
testuser1078@mail.com,hogeuser1078
testuser1079@mail.com,hogeuser1079
testuser1080@mail.com,hogeuser1080
testuser1081@mail.com,hogeuser1081
testuser1082@mail.com,hogeuser1082
testuser1083@mail.com,hogeuser1083
testuser1084@mail.com,hogeuser1084
testuser1085@mail.com,hogeuser1085
testuser1086@mail.com,hogeuser1086
testuser1087@mail.com,hogeuser1087
testuser1088@mail.com,hogeuser1088
testuser1089@mail.com,hogeuser1089
testuser1090@mail.com,hogeuser1090
testuser1091@mail.com,hogeuser1091
testuser1092@mail.com,hogeuser1092
testuser1093@mail.com,hogeuser1093
testuser1094@mail.com,hogeuser1094
testuser1095@mail.com,hogeuser1095
testuser1096@mail.com,hogeuser1096
testuser1097@mail.com,hogeuser1097
testuser1098@mail.com,hogeuser1098
testuser1099@mail.com,hogeuser1099
testuser1100@mail.com,hogeuser1100
testuser1101@mail.com,hogeuser1101
testuser1102@mail.com,hogeuser1102
testuser1103@mail.com,hogeuser1103
testuser1104@mail.com,hogeuser1104
testuser1105@mail.com,hogeuser1105
testuser1106@mail.com,hogeuser1106
testuser1107@mail.com,hogeuser1107
testuser1108@mail.com,hogeuser1108
testuser1109@mail.com,hogeuser1109
testuser1110@mail.com,hogeuser1110
testuser1111@mail.com,hogeuser1111
testuser1112@mail.com,hogeuser1112
testuser1113@mail.com,hogeuser1113
testuser1114@mail.com,hogeuser1114
testuser1115@mail.com,hogeuser1115
testuser1116@mail.com,hogeuser1116
testuser1117@mail.com,hogeuser1117
testuser1118@mail.com,hogeuser1118
testuser1119@mail.com,hogeuser1119
testuser1120@mail.com,hogeuser1120
testuser1121@mail.com,hogeuser1121
testuser1122@mail.com,hogeuser1122
testuser1123@mail.com,hogeuser1123
testuser1124@mail.com,hogeuser1124
testuser1125@mail.com,hogeuser1125
testuser1126@mail.com,hogeuser1126
testuser1127@mail.com,hogeuser1127
testuser1128@mail.com,hogeuser1128
testuser1129@mail.com,hogeuser1129
testuser1130@mail.com,hogeuser1130
testuser1131@mail.com,hogeuser1131
testuser1132@mail.com,hogeuser1132
testuser1133@mail.com,hogeuser1133
testuser1134@mail.com,hogeuser1134
testuser1135@mail.com,hogeuser1135
testuser1136@mail.com,hogeuser1136
testuser1137@mail.com,hogeuser1137
testuser1138@mail.com,hogeuser1138
testuser1139@mail.com,hogeuser1139
testuser1140@mail.com,hogeuser1140
testuser1141@mail.com,hogeuser1141
testuser1142@mail.com,hogeuser1142
testuser1143@mail.com,hogeuser1143
testuser1144@mail.com,hogeuser1144
testuser1145@mail.com,hogeuser1145
testuser1146@mail.com,hogeuser1146
testuser1147@mail.com,hogeuser1147
testuser1148@mail.com,hogeuser1148
testuser1149@mail.com,hogeuser1149
testuser1150@mail.com,hogeuser1150
testuser1151@mail.com,hogeuser1151
testuser1152@mail.com,hogeuser1152
testuser1153@mail.com,hogeuser1153
testuser1154@mail.com,hogeuser1154
testuser1155@mail.com,hogeuser1155
testuser1156@mail.com,hogeuser1156
testuser1157@mail.com,hogeuser1157
testuser1158@mail.com,hogeuser1158
testuser1159@mail.com,hogeuser1159
testuser1160@mail.com,hogeuser1160
testuser1161@mail.com,hogeuser1161
testuser1162@mail.com,hogeuser1162
testuser1163@mail.com,hogeuser1163
testuser1164@mail.com,hogeuser1164
testuser1165@mail.com,hogeuser1165
testuser1166@mail.com,hogeuser1166
testuser1167@mail.com,hogeuser1167
testuser1168@mail.com,hogeuser1168
testuser1169@mail.com,hogeuser1169
testuser1170@mail.com,hogeuser1170
testuser1171@mail.com,hogeuser1171
testuser1172@mail.com,hogeuser1172
testuser1173@mail.com,hogeuser1173
testuser1174@mail.com,hogeuser1174
testuser1175@mail.com,hogeuser1175
testuser1176@mail.com,hogeuser1176
testuser1177@mail.com,hogeuser1177
testuser1178@mail.com,hogeuser1178
testuser1179@mail.com,hogeuser1179
testuser1180@mail.com,hogeuser1180
testuser1181@mail.com,hogeuser1181
testuser1182@mail.com,hogeuser1182
testuser1183@mail.com,hogeuser1183
testuser1184@mail.com,hogeuser1184
testuser1185@mail.com,hogeuser1185
testuser1186@mail.com,hogeuser1186
testuser1187@mail.com,hogeuser1187
testuser1188@mail.com,hogeuser1188
testuser1189@mail.com,hogeuser1189
testuser1190@mail.com,hogeuser1190
testuser1191@mail.com,hogeuser1191
testuser1192@mail.com,hogeuser1192
testuser1193@mail.com,hogeuser1193
testuser1194@mail.com,hogeuser1194
testuser1195@mail.com,hogeuser1195
testuser1196@mail.com,hogeuser1196
testuser1197@mail.com,hogeuser1197
testuser1198@mail.com,hogeuser1198
testuser1199@mail.com,hogeuser1199
testuser1200@mail.com,hogeuser1200
testuser1201@mail.com,hogeuser1201
testuser1202@mail.com,hogeuser1202
testuser1203@mail.com,hogeuser1203
testuser1204@mail.com,hogeuser1204
testuser1205@mail.com,hogeuser1205
testuser1206@mail.com,hogeuser1206
testuser1207@mail.com,hogeuser1207
testuser1208@mail.com,hogeuser1208
testuser1209@mail.com,hogeuser1209
testuser1210@mail.com,hogeuser1210
testuser1211@mail.com,hogeuser1211
testuser1212@mail.com,hogeuser1212
testuser1213@mail.com,hogeuser1213
testuser1214@mail.com,hogeuser1214
testuser1215@mail.com,hogeuser1215
testuser1216@mail.com,hogeuser1216
testuser1217@mail.com,hogeuser1217
testuser1218@mail.com,hogeuser1218
testuser1219@mail.com,hogeuser1219
testuser1220@mail.com,hogeuser1220
testuser1221@mail.com,hogeuser1221
testuser1222@mail.com,hogeuser1222
testuser1223@mail.com,hogeuser1223
testuser1224@mail.com,hogeuser1224
testuser1225@mail.com,hogeuser1225
testuser1226@mail.com,hogeuser1226
testuser1227@mail.com,hogeuser1227
testuser1228@mail.com,hogeuser1228
testuser1229@mail.com,hogeuser1229
testuser1230@mail.com,hogeuser1230
testuser1231@mail.com,hogeuser1231
testuser1232@mail.com,hogeuser1232
testuser1233@mail.com,hogeuser1233
testuser1234@mail.com,hogeuser1234
testuser1235@mail.com,hogeuser1235
testuser1236@mail.com,hogeuser1236
testuser1237@mail.com,hogeuser1237
testuser1238@mail.com,hogeuser1238
testuser1239@mail.com,hogeuser1239
testuser1240@mail.com,hogeuser1240
testuser1241@mail.com,hogeuser1241
testuser1242@mail.com,hogeuser1242
testuser1243@mail.com,hogeuser1243
testuser1244@mail.com,hogeuser1244
testuser1245@mail.com,hogeuser1245
testuser1246@mail.com,hogeuser1246
testuser1247@mail.com,hogeuser1247
testuser1248@mail.com,hogeuser1248
testuser1249@mail.com,hogeuser1249
testuser1250@mail.com,hogeuser1250
testuser1251@mail.com,hogeuser1251
testuser1252@mail.com,hogeuser1252
testuser1253@mail.com,hogeuser1253
testuser1254@mail.com,hogeuser1254
testuser1255@mail.com,hogeuser1255
testuser1256@mail.com,hogeuser1256
testuser1257@mail.com,hogeuser1257
testuser1258@mail.com,hogeuser1258
testuser1259@mail.com,hogeuser1259
testuser1260@mail.com,hogeuser1260
testuser1261@mail.com,hogeuser1261
testuser1262@mail.com,hogeuser1262
testuser1263@mail.com,hogeuser1263
testuser1264@mail.com,hogeuser1264
testuser1265@mail.com,hogeuser1265
testuser1266@mail.com,hogeuser1266
testuser1267@mail.com,hogeuser1267
testuser1268@mail.com,hogeuser1268
testuser1269@mail.com,hogeuser1269
testuser1270@mail.com,hogeuser1270
testuser1271@mail.com,hogeuser1271
testuser1272@mail.com,hogeuser1272
testuser1273@mail.com,hogeuser1273
testuser1274@mail.com,hogeuser1274
testuser1275@mail.com,hogeuser1275
testuser1276@mail.com,hogeuser1276
testuser1277@mail.com,hogeuser1277
testuser1278@mail.com,hogeuser1278
testuser1279@mail.com,hogeuser1279
testuser1280@mail.com,hogeuser1280
testuser1281@mail.com,hogeuser1281
testuser1282@mail.com,hogeuser1282
testuser1283@mail.com,hogeuser1283
testuser1284@mail.com,hogeuser1284
testuser1285@mail.com,hogeuser1285
testuser1286@mail.com,hogeuser1286
testuser1287@mail.com,hogeuser1287
testuser1288@mail.com,hogeuser1288
testuser1289@mail.com,hogeuser1289
testuser1290@mail.com,hogeuser1290
testuser1291@mail.com,hogeuser1291
testuser1292@mail.com,hogeuser1292
testuser1293@mail.com,hogeuser1293
testuser1294@mail.com,hogeuser1294
testuser1295@mail.com,hogeuser1295
testuser1296@mail.com,hogeuser1296
testuser1297@mail.com,hogeuser1297
testuser1298@mail.com,hogeuser1298
testuser1299@mail.com,hogeuser1299
testuser1300@mail.com,hogeuser1300
testuser1301@mail.com,hogeuser1301
testuser1302@mail.com,hogeuser1302
testuser1303@mail.com,hogeuser1303
testuser1304@mail.com,hogeuser1304
testuser1305@mail.com,hogeuser1305
testuser1306@mail.com,hogeuser1306
testuser1307@mail.com,hogeuser1307
testuser1308@mail.com,hogeuser1308
testuser1309@mail.com,hogeuser1309
testuser1310@mail.com,hogeuser1310
testuser1311@mail.com,hogeuser1311
testuser1312@mail.com,hogeuser1312
testuser1313@mail.com,hogeuser1313
testuser1314@mail.com,hogeuser1314
testuser1315@mail.com,hogeuser1315
testuser1316@mail.com,hogeuser1316
testuser1317@mail.com,hogeuser1317
testuser1318@mail.com,hogeuser1318
testuser1319@mail.com,hogeuser1319
testuser1320@mail.com,hogeuser1320
testuser1321@mail.com,hogeuser1321
testuser1322@mail.com,hogeuser1322
testuser1323@mail.com,hogeuser1323
testuser1324@mail.com,hogeuser1324
testuser1325@mail.com,hogeuser1325
testuser1326@mail.com,hogeuser1326
testuser1327@mail.com,hogeuser1327
testuser1328@mail.com,hogeuser1328
testuser1329@mail.com,hogeuser1329
testuser1330@mail.com,hogeuser1330
testuser1331@mail.com,hogeuser1331
testuser1332@mail.com,hogeuser1332
testuser1333@mail.com,hogeuser1333
testuser1334@mail.com,hogeuser1334
testuser1335@mail.com,hogeuser1335
testuser1336@mail.com,hogeuser1336
testuser1337@mail.com,hogeuser1337
testuser1338@mail.com,hogeuser1338
testuser1339@mail.com,hogeuser1339
testuser1340@mail.com,hogeuser1340
testuser1341@mail.com,hogeuser1341
testuser1342@mail.com,hogeuser1342
testuser1343@mail.com,hogeuser1343
testuser1344@mail.com,hogeuser1344
testuser1345@mail.com,hogeuser1345
testuser1346@mail.com,hogeuser1346
testuser1347@mail.com,hogeuser1347
testuser1348@mail.com,hogeuser1348
testuser1349@mail.com,hogeuser1349
testuser1350@mail.com,hogeuser1350
testuser1351@mail.com,hogeuser1351
testuser1352@mail.com,hogeuser1352
testuser1353@mail.com,hogeuser1353
testuser1354@mail.com,hogeuser1354
testuser1355@mail.com,hogeuser1355
testuser1356@mail.com,hogeuser1356
testuser1357@mail.com,hogeuser1357
testuser1358@mail.com,hogeuser1358
testuser1359@mail.com,hogeuser1359
testuser1360@mail.com,hogeuser1360
testuser1361@mail.com,hogeuser1361
testuser1362@mail.com,hogeuser1362
testuser1363@mail.com,hogeuser1363
testuser1364@mail.com,hogeuser1364
testuser1365@mail.com,hogeuser1365
testuser1366@mail.com,hogeuser1366
testuser1367@mail.com,hogeuser1367
testuser1368@mail.com,hogeuser1368
testuser1369@mail.com,hogeuser1369
testuser1370@mail.com,hogeuser1370
testuser1371@mail.com,hogeuser1371
testuser1372@mail.com,hogeuser1372
testuser1373@mail.com,hogeuser1373
testuser1374@mail.com,hogeuser1374
testuser1375@mail.com,hogeuser1375
testuser1376@mail.com,hogeuser1376
testuser1377@mail.com,hogeuser1377
testuser1378@mail.com,hogeuser1378
testuser1379@mail.com,hogeuser1379
testuser1380@mail.com,hogeuser1380
testuser1381@mail.com,hogeuser1381
testuser1382@mail.com,hogeuser1382
testuser1383@mail.com,hogeuser1383
testuser1384@mail.com,hogeuser1384
testuser1385@mail.com,hogeuser1385
testuser1386@mail.com,hogeuser1386
testuser1387@mail.com,hogeuser1387
testuser1388@mail.com,hogeuser1388
testuser1389@mail.com,hogeuser1389
testuser1390@mail.com,hogeuser1390
testuser1391@mail.com,hogeuser1391
testuser1392@mail.com,hogeuser1392
testuser1393@mail.com,hogeuser1393
testuser1394@mail.com,hogeuser1394
testuser1395@mail.com,hogeuser1395
testuser1396@mail.com,hogeuser1396
testuser1397@mail.com,hogeuser1397
testuser1398@mail.com,hogeuser1398
testuser1399@mail.com,hogeuser1399
testuser1400@mail.com,hogeuser1400
testuser1401@mail.com,hogeuser1401
testuser1402@mail.com,hogeuser1402
testuser1403@mail.com,hogeuser1403
testuser1404@mail.com,hogeuser1404
testuser1405@mail.com,hogeuser1405
testuser1406@mail.com,hogeuser1406
testuser1407@mail.com,hogeuser1407
testuser1408@mail.com,hogeuser1408
testuser1409@mail.com,hogeuser1409
testuser1410@mail.com,hogeuser1410
testuser1411@mail.com,hogeuser1411
testuser1412@mail.com,hogeuser1412
testuser1413@mail.com,hogeuser1413
testuser1414@mail.com,hogeuser1414
testuser1415@mail.com,hogeuser1415
testuser1416@mail.com,hogeuser1416
testuser1417@mail.com,hogeuser1417
testuser1418@mail.com,hogeuser1418
testuser1419@mail.com,hogeuser1419
testuser1420@mail.com,hogeuser1420
testuser1421@mail.com,hogeuser1421
testuser1422@mail.com,hogeuser1422
testuser1423@mail.com,hogeuser1423
testuser1424@mail.com,hogeuser1424
testuser1425@mail.com,hogeuser1425
testuser1426@mail.com,hogeuser1426
testuser1427@mail.com,hogeuser1427
testuser1428@mail.com,hogeuser1428
testuser1429@mail.com,hogeuser1429
testuser1430@mail.com,hogeuser1430
testuser1431@mail.com,hogeuser1431
testuser1432@mail.com,hogeuser1432
testuser1433@mail.com,hogeuser1433
testuser1434@mail.com,hogeuser1434
testuser1435@mail.com,hogeuser1435
testuser1436@mail.com,hogeuser1436
testuser1437@mail.com,hogeuser1437
testuser1438@mail.com,hogeuser1438
testuser1439@mail.com,hogeuser1439
testuser1440@mail.com,hogeuser1440
testuser1441@mail.com,hogeuser1441
testuser1442@mail.com,hogeuser1442
testuser1443@mail.com,hogeuser1443
testuser1444@mail.com,hogeuser1444
testuser1445@mail.com,hogeuser1445
testuser1446@mail.com,hogeuser1446
testuser1447@mail.com,hogeuser1447
testuser1448@mail.com,hogeuser1448
testuser1449@mail.com,hogeuser1449
testuser1450@mail.com,hogeuser1450
testuser1451@mail.com,hogeuser1451
testuser1452@mail.com,hogeuser1452
testuser1453@mail.com,hogeuser1453
testuser1454@mail.com,hogeuser1454
testuser1455@mail.com,hogeuser1455
testuser1456@mail.com,hogeuser1456
testuser1457@mail.com,hogeuser1457
testuser1458@mail.com,hogeuser1458
testuser1459@mail.com,hogeuser1459
testuser1460@mail.com,hogeuser1460
testuser1461@mail.com,hogeuser1461
testuser1462@mail.com,hogeuser1462
testuser1463@mail.com,hogeuser1463
testuser1464@mail.com,hogeuser1464
testuser1465@mail.com,hogeuser1465
testuser1466@mail.com,hogeuser1466
testuser1467@mail.com,hogeuser1467
testuser1468@mail.com,hogeuser1468
testuser1469@mail.com,hogeuser1469
testuser1470@mail.com,hogeuser1470
testuser1471@mail.com,hogeuser1471
testuser1472@mail.com,hogeuser1472
testuser1473@mail.com,hogeuser1473
testuser1474@mail.com,hogeuser1474
testuser1475@mail.com,hogeuser1475
testuser1476@mail.com,hogeuser1476
testuser1477@mail.com,hogeuser1477
testuser1478@mail.com,hogeuser1478
testuser1479@mail.com,hogeuser1479
testuser1480@mail.com,hogeuser1480
testuser1481@mail.com,hogeuser1481
testuser1482@mail.com,hogeuser1482
testuser1483@mail.com,hogeuser1483
testuser1484@mail.com,hogeuser1484
testuser1485@mail.com,hogeuser1485
testuser1486@mail.com,hogeuser1486
testuser1487@mail.com,hogeuser1487
testuser1488@mail.com,hogeuser1488
testuser1489@mail.com,hogeuser1489
testuser1490@mail.com,hogeuser1490
testuser1491@mail.com,hogeuser1491
testuser1492@mail.com,hogeuser1492
testuser1493@mail.com,hogeuser1493
testuser1494@mail.com,hogeuser1494
testuser1495@mail.com,hogeuser1495
testuser1496@mail.com,hogeuser1496
testuser1497@mail.com,hogeuser1497
testuser1498@mail.com,hogeuser1498
testuser1499@mail.com,hogeuser1499
testuser1500@mail.com,hogeuser1500
testuser1501@mail.com,hogeuser1501
testuser1502@mail.com,hogeuser1502
testuser1503@mail.com,hogeuser1503
testuser1504@mail.com,hogeuser1504
testuser1505@mail.com,hogeuser1505
testuser1506@mail.com,hogeuser1506
testuser1507@mail.com,hogeuser1507
testuser1508@mail.com,hogeuser1508
testuser1509@mail.com,hogeuser1509
testuser1510@mail.com,hogeuser1510
testuser1511@mail.com,hogeuser1511
testuser1512@mail.com,hogeuser1512
testuser1513@mail.com,hogeuser1513
testuser1514@mail.com,hogeuser1514
testuser1515@mail.com,hogeuser1515
testuser1516@mail.com,hogeuser1516
testuser1517@mail.com,hogeuser1517
testuser1518@mail.com,hogeuser1518
testuser1519@mail.com,hogeuser1519
testuser1520@mail.com,hogeuser1520
testuser1521@mail.com,hogeuser1521
testuser1522@mail.com,hogeuser1522
testuser1523@mail.com,hogeuser1523
testuser1524@mail.com,hogeuser1524
testuser1525@mail.com,hogeuser1525
testuser1526@mail.com,hogeuser1526
testuser1527@mail.com,hogeuser1527
testuser1528@mail.com,hogeuser1528
testuser1529@mail.com,hogeuser1529
testuser1530@mail.com,hogeuser1530
testuser1531@mail.com,hogeuser1531
testuser1532@mail.com,hogeuser1532
testuser1533@mail.com,hogeuser1533
testuser1534@mail.com,hogeuser1534
testuser1535@mail.com,hogeuser1535
testuser1536@mail.com,hogeuser1536
testuser1537@mail.com,hogeuser1537
testuser1538@mail.com,hogeuser1538
testuser1539@mail.com,hogeuser1539
testuser1540@mail.com,hogeuser1540
testuser1541@mail.com,hogeuser1541
testuser1542@mail.com,hogeuser1542
testuser1543@mail.com,hogeuser1543
testuser1544@mail.com,hogeuser1544
testuser1545@mail.com,hogeuser1545
testuser1546@mail.com,hogeuser1546
testuser1547@mail.com,hogeuser1547
testuser1548@mail.com,hogeuser1548
testuser1549@mail.com,hogeuser1549
testuser1550@mail.com,hogeuser1550
testuser1551@mail.com,hogeuser1551
testuser1552@mail.com,hogeuser1552
testuser1553@mail.com,hogeuser1553
testuser1554@mail.com,hogeuser1554
testuser1555@mail.com,hogeuser1555
testuser1556@mail.com,hogeuser1556
testuser1557@mail.com,hogeuser1557
testuser1558@mail.com,hogeuser1558
testuser1559@mail.com,hogeuser1559
testuser1560@mail.com,hogeuser1560
testuser1561@mail.com,hogeuser1561
testuser1562@mail.com,hogeuser1562
testuser1563@mail.com,hogeuser1563
testuser1564@mail.com,hogeuser1564
testuser1565@mail.com,hogeuser1565
testuser1566@mail.com,hogeuser1566
testuser1567@mail.com,hogeuser1567
testuser1568@mail.com,hogeuser1568
testuser1569@mail.com,hogeuser1569
testuser1570@mail.com,hogeuser1570
testuser1571@mail.com,hogeuser1571
testuser1572@mail.com,hogeuser1572
testuser1573@mail.com,hogeuser1573
testuser1574@mail.com,hogeuser1574
testuser1575@mail.com,hogeuser1575
testuser1576@mail.com,hogeuser1576
testuser1577@mail.com,hogeuser1577
testuser1578@mail.com,hogeuser1578
testuser1579@mail.com,hogeuser1579
testuser1580@mail.com,hogeuser1580
testuser1581@mail.com,hogeuser1581
testuser1582@mail.com,hogeuser1582
testuser1583@mail.com,hogeuser1583
testuser1584@mail.com,hogeuser1584
testuser1585@mail.com,hogeuser1585
testuser1586@mail.com,hogeuser1586
testuser1587@mail.com,hogeuser1587
testuser1588@mail.com,hogeuser1588
testuser1589@mail.com,hogeuser1589
testuser1590@mail.com,hogeuser1590
testuser1591@mail.com,hogeuser1591
testuser1592@mail.com,hogeuser1592
testuser1593@mail.com,hogeuser1593
testuser1594@mail.com,hogeuser1594
testuser1595@mail.com,hogeuser1595
testuser1596@mail.com,hogeuser1596
testuser1597@mail.com,hogeuser1597
testuser1598@mail.com,hogeuser1598
testuser1599@mail.com,hogeuser1599
testuser1600@mail.com,hogeuser1600
testuser1601@mail.com,hogeuser1601
testuser1602@mail.com,hogeuser1602
testuser1603@mail.com,hogeuser1603
testuser1604@mail.com,hogeuser1604
testuser1605@mail.com,hogeuser1605
testuser1606@mail.com,hogeuser1606
testuser1607@mail.com,hogeuser1607
testuser1608@mail.com,hogeuser1608
testuser1609@mail.com,hogeuser1609
testuser1610@mail.com,hogeuser1610
testuser1611@mail.com,hogeuser1611
testuser1612@mail.com,hogeuser1612
testuser1613@mail.com,hogeuser1613
testuser1614@mail.com,hogeuser1614
testuser1615@mail.com,hogeuser1615
testuser1616@mail.com,hogeuser1616
testuser1617@mail.com,hogeuser1617
testuser1618@mail.com,hogeuser1618
testuser1619@mail.com,hogeuser1619
testuser1620@mail.com,hogeuser1620
testuser1621@mail.com,hogeuser1621
testuser1622@mail.com,hogeuser1622
testuser1623@mail.com,hogeuser1623
testuser1624@mail.com,hogeuser1624
testuser1625@mail.com,hogeuser1625
testuser1626@mail.com,hogeuser1626
testuser1627@mail.com,hogeuser1627
testuser1628@mail.com,hogeuser1628
testuser1629@mail.com,hogeuser1629
testuser1630@mail.com,hogeuser1630
testuser1631@mail.com,hogeuser1631
testuser1632@mail.com,hogeuser1632
testuser1633@mail.com,hogeuser1633
testuser1634@mail.com,hogeuser1634
testuser1635@mail.com,hogeuser1635
testuser1636@mail.com,hogeuser1636
testuser1637@mail.com,hogeuser1637
testuser1638@mail.com,hogeuser1638
testuser1639@mail.com,hogeuser1639
testuser1640@mail.com,hogeuser1640
testuser1641@mail.com,hogeuser1641
testuser1642@mail.com,hogeuser1642
testuser1643@mail.com,hogeuser1643
testuser1644@mail.com,hogeuser1644
testuser1645@mail.com,hogeuser1645
testuser1646@mail.com,hogeuser1646
testuser1647@mail.com,hogeuser1647
testuser1648@mail.com,hogeuser1648
testuser1649@mail.com,hogeuser1649
testuser1650@mail.com,hogeuser1650
testuser1651@mail.com,hogeuser1651
testuser1652@mail.com,hogeuser1652
testuser1653@mail.com,hogeuser1653
testuser1654@mail.com,hogeuser1654
testuser1655@mail.com,hogeuser1655
testuser1656@mail.com,hogeuser1656
testuser1657@mail.com,hogeuser1657
testuser1658@mail.com,hogeuser1658
testuser1659@mail.com,hogeuser1659
testuser1660@mail.com,hogeuser1660
testuser1661@mail.com,hogeuser1661
testuser1662@mail.com,hogeuser1662
testuser1663@mail.com,hogeuser1663
testuser1664@mail.com,hogeuser1664
testuser1665@mail.com,hogeuser1665
testuser1666@mail.com,hogeuser1666
testuser1667@mail.com,hogeuser1667
testuser1668@mail.com,hogeuser1668
testuser1669@mail.com,hogeuser1669
testuser1670@mail.com,hogeuser1670
testuser1671@mail.com,hogeuser1671
testuser1672@mail.com,hogeuser1672
testuser1673@mail.com,hogeuser1673
testuser1674@mail.com,hogeuser1674
testuser1675@mail.com,hogeuser1675
testuser1676@mail.com,hogeuser1676
testuser1677@mail.com,hogeuser1677
testuser1678@mail.com,hogeuser1678
testuser1679@mail.com,hogeuser1679
testuser1680@mail.com,hogeuser1680
testuser1681@mail.com,hogeuser1681
testuser1682@mail.com,hogeuser1682
testuser1683@mail.com,hogeuser1683
testuser1684@mail.com,hogeuser1684
testuser1685@mail.com,hogeuser1685
testuser1686@mail.com,hogeuser1686
testuser1687@mail.com,hogeuser1687
testuser1688@mail.com,hogeuser1688
testuser1689@mail.com,hogeuser1689
testuser1690@mail.com,hogeuser1690
testuser1691@mail.com,hogeuser1691
testuser1692@mail.com,hogeuser1692
testuser1693@mail.com,hogeuser1693
testuser1694@mail.com,hogeuser1694
testuser1695@mail.com,hogeuser1695
testuser1696@mail.com,hogeuser1696
testuser1697@mail.com,hogeuser1697
testuser1698@mail.com,hogeuser1698
testuser1699@mail.com,hogeuser1699
testuser1700@mail.com,hogeuser1700
testuser1701@mail.com,hogeuser1701
testuser1702@mail.com,hogeuser1702
testuser1703@mail.com,hogeuser1703
testuser1704@mail.com,hogeuser1704
testuser1705@mail.com,hogeuser1705
testuser1706@mail.com,hogeuser1706
testuser1707@mail.com,hogeuser1707
testuser1708@mail.com,hogeuser1708
testuser1709@mail.com,hogeuser1709
testuser1710@mail.com,hogeuser1710
testuser1711@mail.com,hogeuser1711
testuser1712@mail.com,hogeuser1712
testuser1713@mail.com,hogeuser1713
testuser1714@mail.com,hogeuser1714
testuser1715@mail.com,hogeuser1715
testuser1716@mail.com,hogeuser1716
testuser1717@mail.com,hogeuser1717
testuser1718@mail.com,hogeuser1718
testuser1719@mail.com,hogeuser1719
testuser1720@mail.com,hogeuser1720
testuser1721@mail.com,hogeuser1721
testuser1722@mail.com,hogeuser1722
testuser1723@mail.com,hogeuser1723
testuser1724@mail.com,hogeuser1724
testuser1725@mail.com,hogeuser1725
testuser1726@mail.com,hogeuser1726
testuser1727@mail.com,hogeuser1727
testuser1728@mail.com,hogeuser1728
testuser1729@mail.com,hogeuser1729
testuser1730@mail.com,hogeuser1730
testuser1731@mail.com,hogeuser1731
testuser1732@mail.com,hogeuser1732
testuser1733@mail.com,hogeuser1733
testuser1734@mail.com,hogeuser1734
testuser1735@mail.com,hogeuser1735
testuser1736@mail.com,hogeuser1736
testuser1737@mail.com,hogeuser1737
testuser1738@mail.com,hogeuser1738
testuser1739@mail.com,hogeuser1739
testuser1740@mail.com,hogeuser1740
testuser1741@mail.com,hogeuser1741
testuser1742@mail.com,hogeuser1742
testuser1743@mail.com,hogeuser1743
testuser1744@mail.com,hogeuser1744
testuser1745@mail.com,hogeuser1745
testuser1746@mail.com,hogeuser1746
testuser1747@mail.com,hogeuser1747
testuser1748@mail.com,hogeuser1748
testuser1749@mail.com,hogeuser1749
testuser1750@mail.com,hogeuser1750
testuser1751@mail.com,hogeuser1751
testuser1752@mail.com,hogeuser1752
testuser1753@mail.com,hogeuser1753
testuser1754@mail.com,hogeuser1754
testuser1755@mail.com,hogeuser1755
testuser1756@mail.com,hogeuser1756
testuser1757@mail.com,hogeuser1757
testuser1758@mail.com,hogeuser1758
testuser1759@mail.com,hogeuser1759
testuser1760@mail.com,hogeuser1760
testuser1761@mail.com,hogeuser1761
testuser1762@mail.com,hogeuser1762
testuser1763@mail.com,hogeuser1763
testuser1764@mail.com,hogeuser1764
testuser1765@mail.com,hogeuser1765
testuser1766@mail.com,hogeuser1766
testuser1767@mail.com,hogeuser1767
testuser1768@mail.com,hogeuser1768
testuser1769@mail.com,hogeuser1769
testuser1770@mail.com,hogeuser1770
testuser1771@mail.com,hogeuser1771
testuser1772@mail.com,hogeuser1772
testuser1773@mail.com,hogeuser1773
testuser1774@mail.com,hogeuser1774
testuser1775@mail.com,hogeuser1775
testuser1776@mail.com,hogeuser1776
testuser1777@mail.com,hogeuser1777
testuser1778@mail.com,hogeuser1778
testuser1779@mail.com,hogeuser1779
testuser1780@mail.com,hogeuser1780
testuser1781@mail.com,hogeuser1781
testuser1782@mail.com,hogeuser1782
testuser1783@mail.com,hogeuser1783
testuser1784@mail.com,hogeuser1784
testuser1785@mail.com,hogeuser1785
testuser1786@mail.com,hogeuser1786
testuser1787@mail.com,hogeuser1787
testuser1788@mail.com,hogeuser1788
testuser1789@mail.com,hogeuser1789
testuser1790@mail.com,hogeuser1790
testuser1791@mail.com,hogeuser1791
testuser1792@mail.com,hogeuser1792
testuser1793@mail.com,hogeuser1793
testuser1794@mail.com,hogeuser1794
testuser1795@mail.com,hogeuser1795
testuser1796@mail.com,hogeuser1796
testuser1797@mail.com,hogeuser1797
testuser1798@mail.com,hogeuser1798
testuser1799@mail.com,hogeuser1799
testuser1800@mail.com,hogeuser1800
testuser1801@mail.com,hogeuser1801
testuser1802@mail.com,hogeuser1802
testuser1803@mail.com,hogeuser1803
testuser1804@mail.com,hogeuser1804
testuser1805@mail.com,hogeuser1805
testuser1806@mail.com,hogeuser1806
testuser1807@mail.com,hogeuser1807
testuser1808@mail.com,hogeuser1808
testuser1809@mail.com,hogeuser1809
testuser1810@mail.com,hogeuser1810
testuser1811@mail.com,hogeuser1811
testuser1812@mail.com,hogeuser1812
testuser1813@mail.com,hogeuser1813
testuser1814@mail.com,hogeuser1814
testuser1815@mail.com,hogeuser1815
testuser1816@mail.com,hogeuser1816
testuser1817@mail.com,hogeuser1817
testuser1818@mail.com,hogeuser1818
testuser1819@mail.com,hogeuser1819
testuser1820@mail.com,hogeuser1820
testuser1821@mail.com,hogeuser1821
testuser1822@mail.com,hogeuser1822
testuser1823@mail.com,hogeuser1823
testuser1824@mail.com,hogeuser1824
testuser1825@mail.com,hogeuser1825
testuser1826@mail.com,hogeuser1826
testuser1827@mail.com,hogeuser1827
testuser1828@mail.com,hogeuser1828
testuser1829@mail.com,hogeuser1829
testuser1830@mail.com,hogeuser1830
testuser1831@mail.com,hogeuser1831
testuser1832@mail.com,hogeuser1832
testuser1833@mail.com,hogeuser1833
testuser1834@mail.com,hogeuser1834
testuser1835@mail.com,hogeuser1835
testuser1836@mail.com,hogeuser1836
testuser1837@mail.com,hogeuser1837
testuser1838@mail.com,hogeuser1838
testuser1839@mail.com,hogeuser1839
testuser1840@mail.com,hogeuser1840
testuser1841@mail.com,hogeuser1841
testuser1842@mail.com,hogeuser1842
testuser1843@mail.com,hogeuser1843
testuser1844@mail.com,hogeuser1844
testuser1845@mail.com,hogeuser1845
testuser1846@mail.com,hogeuser1846
testuser1847@mail.com,hogeuser1847
testuser1848@mail.com,hogeuser1848
testuser1849@mail.com,hogeuser1849
testuser1850@mail.com,hogeuser1850
testuser1851@mail.com,hogeuser1851
testuser1852@mail.com,hogeuser1852
testuser1853@mail.com,hogeuser1853
testuser1854@mail.com,hogeuser1854
testuser1855@mail.com,hogeuser1855
testuser1856@mail.com,hogeuser1856
testuser1857@mail.com,hogeuser1857
testuser1858@mail.com,hogeuser1858
testuser1859@mail.com,hogeuser1859
testuser1860@mail.com,hogeuser1860
testuser1861@mail.com,hogeuser1861
testuser1862@mail.com,hogeuser1862
testuser1863@mail.com,hogeuser1863
testuser1864@mail.com,hogeuser1864
testuser1865@mail.com,hogeuser1865
testuser1866@mail.com,hogeuser1866
testuser1867@mail.com,hogeuser1867
testuser1868@mail.com,hogeuser1868
testuser1869@mail.com,hogeuser1869
testuser1870@mail.com,hogeuser1870
testuser1871@mail.com,hogeuser1871
testuser1872@mail.com,hogeuser1872
testuser1873@mail.com,hogeuser1873
testuser1874@mail.com,hogeuser1874
testuser1875@mail.com,hogeuser1875
testuser1876@mail.com,hogeuser1876
testuser1877@mail.com,hogeuser1877
testuser1878@mail.com,hogeuser1878
testuser1879@mail.com,hogeuser1879
testuser1880@mail.com,hogeuser1880
testuser1881@mail.com,hogeuser1881
testuser1882@mail.com,hogeuser1882
testuser1883@mail.com,hogeuser1883
testuser1884@mail.com,hogeuser1884
testuser1885@mail.com,hogeuser1885
testuser1886@mail.com,hogeuser1886
testuser1887@mail.com,hogeuser1887
testuser1888@mail.com,hogeuser1888
testuser1889@mail.com,hogeuser1889
testuser1890@mail.com,hogeuser1890
testuser1891@mail.com,hogeuser1891
testuser1892@mail.com,hogeuser1892
testuser1893@mail.com,hogeuser1893
testuser1894@mail.com,hogeuser1894
testuser1895@mail.com,hogeuser1895
testuser1896@mail.com,hogeuser1896
testuser1897@mail.com,hogeuser1897
testuser1898@mail.com,hogeuser1898
testuser1899@mail.com,hogeuser1899
testuser1900@mail.com,hogeuser1900
testuser1901@mail.com,hogeuser1901
testuser1902@mail.com,hogeuser1902
testuser1903@mail.com,hogeuser1903
testuser1904@mail.com,hogeuser1904
testuser1905@mail.com,hogeuser1905
testuser1906@mail.com,hogeuser1906
testuser1907@mail.com,hogeuser1907
testuser1908@mail.com,hogeuser1908
testuser1909@mail.com,hogeuser1909
testuser1910@mail.com,hogeuser1910
testuser1911@mail.com,hogeuser1911
testuser1912@mail.com,hogeuser1912
testuser1913@mail.com,hogeuser1913
testuser1914@mail.com,hogeuser1914
testuser1915@mail.com,hogeuser1915
testuser1916@mail.com,hogeuser1916
testuser1917@mail.com,hogeuser1917
testuser1918@mail.com,hogeuser1918
testuser1919@mail.com,hogeuser1919
testuser1920@mail.com,hogeuser1920
testuser1921@mail.com,hogeuser1921
testuser1922@mail.com,hogeuser1922
testuser1923@mail.com,hogeuser1923
testuser1924@mail.com,hogeuser1924
testuser1925@mail.com,hogeuser1925
testuser1926@mail.com,hogeuser1926
testuser1927@mail.com,hogeuser1927
testuser1928@mail.com,hogeuser1928
testuser1929@mail.com,hogeuser1929
testuser1930@mail.com,hogeuser1930
testuser1931@mail.com,hogeuser1931
testuser1932@mail.com,hogeuser1932
testuser1933@mail.com,hogeuser1933
testuser1934@mail.com,hogeuser1934
testuser1935@mail.com,hogeuser1935
testuser1936@mail.com,hogeuser1936
testuser1937@mail.com,hogeuser1937
testuser1938@mail.com,hogeuser1938
testuser1939@mail.com,hogeuser1939
testuser1940@mail.com,hogeuser1940
testuser1941@mail.com,hogeuser1941
testuser1942@mail.com,hogeuser1942
testuser1943@mail.com,hogeuser1943
testuser1944@mail.com,hogeuser1944
testuser1945@mail.com,hogeuser1945
testuser1946@mail.com,hogeuser1946
testuser1947@mail.com,hogeuser1947
testuser1948@mail.com,hogeuser1948
testuser1949@mail.com,hogeuser1949
testuser1950@mail.com,hogeuser1950
testuser1951@mail.com,hogeuser1951
testuser1952@mail.com,hogeuser1952
testuser1953@mail.com,hogeuser1953
testuser1954@mail.com,hogeuser1954
testuser1955@mail.com,hogeuser1955
testuser1956@mail.com,hogeuser1956
testuser1957@mail.com,hogeuser1957
testuser1958@mail.com,hogeuser1958
testuser1959@mail.com,hogeuser1959
testuser1960@mail.com,hogeuser1960
testuser1961@mail.com,hogeuser1961
testuser1962@mail.com,hogeuser1962
testuser1963@mail.com,hogeuser1963
testuser1964@mail.com,hogeuser1964
testuser1965@mail.com,hogeuser1965
testuser1966@mail.com,hogeuser1966
testuser1967@mail.com,hogeuser1967
testuser1968@mail.com,hogeuser1968
testuser1969@mail.com,hogeuser1969
testuser1970@mail.com,hogeuser1970
testuser1971@mail.com,hogeuser1971
testuser1972@mail.com,hogeuser1972
testuser1973@mail.com,hogeuser1973
testuser1974@mail.com,hogeuser1974
testuser1975@mail.com,hogeuser1975
testuser1976@mail.com,hogeuser1976
testuser1977@mail.com,hogeuser1977
testuser1978@mail.com,hogeuser1978
testuser1979@mail.com,hogeuser1979
testuser1980@mail.com,hogeuser1980
testuser1981@mail.com,hogeuser1981
testuser1982@mail.com,hogeuser1982
testuser1983@mail.com,hogeuser1983
testuser1984@mail.com,hogeuser1984
testuser1985@mail.com,hogeuser1985
testuser1986@mail.com,hogeuser1986
testuser1987@mail.com,hogeuser1987
testuser1988@mail.com,hogeuser1988
testuser1989@mail.com,hogeuser1989
testuser1990@mail.com,hogeuser1990
testuser1991@mail.com,hogeuser1991
testuser1992@mail.com,hogeuser1992
testuser1993@mail.com,hogeuser1993
testuser1994@mail.com,hogeuser1994
testuser1995@mail.com,hogeuser1995
testuser1996@mail.com,hogeuser1996
testuser1997@mail.com,hogeuser1997
testuser1998@mail.com,hogeuser1998
testuser1999@mail.com,hogeuser1999
testuser2000@mail.com,hogeuser2000
